type,pcc,n_peaks
AES,3123.353294111429,255
Random,4600.2132515422545,5946
