round,aes_score,random_score
1,0.0,0.1664826918336757
2,0.1697083137659869,0.16413863924001318
3,0.16518408770327495,0.1674318921506064
